name,price
vzuyenmmif,165
bgecoaryqg,99
pcfnkwsxpg,73
ypgsnbdzrk,306
svndbdgjme,180
nquwioaubw,138
luogoofjgj,90
mndcttiuqi,313
ajsjntuidr,183
raomfyjign,204
ookyxwmign,130
lykjdbcxgc,23
ibujxrmaka,76
jilpfqddsb,293
ctwmgasayx,384
lnocijynjw,383
ycymrlfafp,326
nmwoozvutu,178
byfyvzjdhe,126
pddihcbdyq,333
ezzxeiujbt,144
kgvgiwnamo,308
eyqsarngco,58
tspciofshn,62
lpifckidhr,358
yzkloekkhw,375
jhnlmfpwmr,227
xgnkzajsfd,59
hajlyzslnd,313
cyzgflgtfy,382
tttpzqexdc,233
fpufmfduff,186
ouxxrpqnbl,104
rmxcjqpzir,301
yiqfmfsiao,384
tloikzekhv,268
lbcbtlropz,85
qrihmoboxn,360
sjraqdgyxf,257
bxuwxfmnno,161
lmlcjhgxib,126
tixruhezme,188
elooqicfva,309
cvotdnuaqp,336
gzlgqdcyvs,238
ecbgdbbywq,277
ouqhirzvwb,171
mtiurmzett,362
yeyjjpmckw,173
mpaobxajjv,292
bbyosojpfo,245
atondrufea,157
ojrjxwbdth,384
qvacfymrlz,202
qrbkowewcg,31
exmqsfnkkg,372
jucnvndfiz,350
tyewrjqcnb,102
ycqbikbyeb,187
qkvpixdytr,164
mfjtnvnige,398
kmfvoqymhk,87
zccsfumrzo,333
ftzwoczzfe,341
dzfuckoxmk,340
qmwqdzetpl,294
vrtonrffzq,369
dilbyzsmmi,266
mxafcaznep,178
tfptxvnqxj,143
xanqvtrihh,40
swewuchuvo,318
yjqwvoavmb,385
hmufcarlhw,136
otmtleunrd,49
xtrorihqfm,84
zjbpevecvv,57
zhdsuedjwv,277
jyxujpcwwk,356
lsoqibogmy,123
wzetuwprpa,154
wmoykznvcd,224
ffjpaznmho,311
jbpuadgvkp,388
mlniuxrioj,132
ymkipgierv,228
dnbwoogrec,314
fpisgmtepc,89
tikdawlwtx,292
sjkgwudvaj,382
tklthuiwcw,186
gbamyitylg,222
sweuldyehb,306
irijayvfic,183
hkiaekyckh,147
oauaaihcsk,102
uvmryzygfz,116
dspwdaohqu,393
bdardylyej,375
vztwijueuv,313
